{
  "project_info": {
    "project_number": "314897008525",
    "firebase_url": "https://ecycle-1001.firebaseio.com",
    "project_id": "ecycle-1001",
    "storage_bucket": "ecycle-1001.appspot.com"
  },
  "client": [
    {
      "client_info": {
        "mobilesdk_app_id": "1:314897008525:android:9bfaa1916b2f144f",
        "android_client_info": {
          "package_name": "com.ecycle"
        }
      },
      "oauth_client": [
        {
          "client_id": "314897008525-ir7070vao0uo8lgdjji010i2afqmckpn.apps.googleusercontent.com",
          "client_type": 1,
          "android_info": {
            "package_name": "com.ecycle",
            "certificate_hash": "cb0c8b3acf006ba5a510137c3a2ceeb5f6d0cdc6"
          }
        },
        {
          "client_id": "314897008525-687pv8upajf0vl442uu7ivk61eo01au7.apps.googleusercontent.com",
          "client_type": 3
        }
      ],
      "api_key": [
        {
          "current_key": "AIzaSyCCLft7L8I0-0ZanlYjNEi9mN-73sf4Hxk"
        }
      ],
      "services": {
        "appinvite_service": {
          "other_platform_oauth_client": [
            {
              "client_id": "314897008525-687pv8upajf0vl442uu7ivk61eo01au7.apps.googleusercontent.com",
              "client_type": 3
            }
          ]
        }
      }
    }
  ],
  "configuration_version": "1"
}